code,name,country,city
AAH,Aachen-Merzbrück Airport,Germany,Aachen
AAT,Altay Air Base,China,Altay
ABH,Alpha Airport,Australia,Alpha
ABM,Northern Peninsula Airport,Australia,Bamaga
ABX,Albury Airport,Australia,Albury
ACF,Brisbane Archerfield Airport,Australia,Brisbane
ACX,Xingyi Airport,China,Xingyi
ADL,Adelaide International Airport,Australia,Adelaide
ADO,Andamooka Airport,Australia,Roxby Downs
AEB,Baise Youjiang Airport,China,Baise
AEQ,Ar Horqin Airport,China,Chifeng
AGB,Augsburg Airport,Germany,Augsburg
AGE,Wangerooge Airport,Germany,Wangerooge
AGJ,Aguni Airport,Japan,Aguni
AGW,Agnew Airport,Australia,Agnew
AGY,Argyle Downs Airport,Australia,Argyle Downs
AHJ,Hongyuan Airport,China,Aba
AKA,Ankang Wulipu Airport,China,Ankang
AKJ,Asahikawa Airport,Japan,Asahikawa / Hokkaidō
AKU,Aksu Airport,China,Aksu
ALH,Albany Airport,Australia,Albany
ANZ,Angus Downs Airport,Australia,Angus Downs Station
AOC,Altenburg-Nobitz Airport,Germany,Altenburg
AOG,Anshan Air Base,China,Anshan
AOJ,Aomori Airport,Japan,Aomori
AQG,Anqing Tianzhushan Airport,China,Anqing
ARM,Armidale Airport,Australia,Armidale
ARY,Ararat Airport,Australia,Ararat
ASJ,Amami Airport,Japan,Amami
ASP,Alice Springs Airport,Australia,Alice Springs
AUU,Aurukun Airport,Australia,Aurukun
AVA,Anshun Huangguoshu Airport,China,Anshun
AVV,Avalon Airport,Australia,Melbourne
AXF,Alxa Left Banner Bayanhot Airport,China,Bayanhot
AXJ,Amakusa Airport,Japan,Hondo
AXT,Akita Airport,Japan,Akita
AYD,Alroy Downs Airport,Australia,Alroy Downs
AYN,Anyang Airport,China,Anyang
AYQ,Ayers Rock Connellan Airport,Australia,Ayers Rock
AYR,Ayr Airport,Australia,Ayr
BAO,Udorn Air Base,Thailand,Ban Mak Khaen
BAR,Qionghai Bo'ao Airport,China,Qionghai
BAV,Baotou Airport,China,Baotou
BBE,Big Bell Airport,Australia,Big Bell
BBH,Barth Airport,Germany,Barth
BBJ,Bitburg Airport,Germany,Bitburg
BCI,Barcaldine Airport,Australia,Barcaldine
BCZ,Milyakburra Airport,Australia,Bickerton Island
BDB,Bundaberg Airport,Australia,Bundaberg
BDD,Badu Island Airport,Australia,Thursday Island
BEE,Beagle Bay Airport,Australia,Beagle Bay
BEO,Lake Macquarie Airport,Australia,Newcastle
BER,Airport Berlin Brandenburg,Germany,Berlin
BFC,Bloomfield River Airport,Australia,Cooktown
BFE,Bielefeld Airport,Germany,Bielefeld
BFJ,Bijie Feixiong Airport,China,Bijie
BFU,Bengbu Airport,China,Bengbu
BFV,Buri Ram Airport,Thailand,Satuek
BHQ,Broken Hill Airport,Australia,Broken Hill
BHS,Bathurst Airport,Australia,Bathurst
BHY,Beihai Airport,China,Beihai
BKK,Suvarnabhumi Airport,Thailand,Bangkok
BKQ,Blackall Airport,Australia,Blackall
BLN,Benalla Airport,Australia,Benalla
BLT,Blackwater Airport,Australia,Blackwater
BME,Broome International Airport,Australia,Broome
BMK,Borkum Airport,Germany,Borkum
BMP,Brampton Island Airport,Australia,Mackay
BMR,Baltrum Airport,Germany,Baltrum
BMV,Buon Ma Thuot Airport,Vietnam,Buon Ma Thuot
BNE,Brisbane International Airport,Australia,Brisbane
BNJ,Bonn-Hangelar Airport,Germany,Bonn
BNK,Ballina Byron Gateway Airport,Australia,Ballina
BPE,Qinhuangdao Beidaihe Airport,China,Qinhuangdao
BPL,Alashankou Bole (Bortala) airport,China,Bole
BPX,Qamdo Bangda Airport,China,Bangda
BQB,Busselton Regional Airport,Australia,Busselton
BQW,Balgo Hill Airport,Australia,Balgo
BRE,Bremen Airport,Germany,Bremen
BRK,Bourke Airport,Australia,Bourke
BSJ,Bairnsdale Airport,Australia,Bairnsdale
BUY,Bunbury Airport,Australia,Capel
BWE,Braunschweig-Wolfsburg Airport,Germany,Braunschweig
BWT,Wynyard Airport,Australia,Burnie
BWU,Sydney Bankstown Airport,Australia,Sydney
BXF,Bellburn Airstrip,Australia,Pumululu National Park
BXG,Bendigo Airport,Australia,Bendigo
BYU,Bayreuth Airport,Germany,Bayreuth
BYX,Baniyala Airport,Australia,Baniyala
BZP,Bizant Airport,Australia,Lakefield National Park
BZX,Bazhong Enyang Airport,China,Bazhong
CAH,Cà Mau Airport,Vietnam,Ca Mau City
CAN,Guangzhou Baiyun International Airport,China,Guangzhou
CAZ,Cobar Airport,Australia,Cobar
CBR,Canberra International Airport,Australia,Canberra
CBU,Cottbus-Drewitz Airport,Germany,Cottbus
CBX,Condobolin Airport,Australia,Condobolin
CBY,Canobie Airport,Australia,Canobie
CCL,Chinchilla Airport,Australia,Chinchilla
CDE,Chengde Puning Airport,China,Chengde
CDU,Camden Airport,Australia,Campbelltown
CEI,Chiang Rai International Airport,Thailand,Chiang Rai
CES,Cessnock Airport,Australia,Cessnock
CFH,Clifton Hills Airport,Australia,Clifton Hills
CFP,Carpentaria Downs Airport,Australia,Carpentaria Downs
CFS,Coffs Harbour Airport,Australia,Coffs Harbour
CGD,Changde Airport,China,Changde
CGN,Cologne Bonn Airport,Germany,Cologne
CGO,Zhengzhou Xinzheng International Airport,China,Zhengzhou
CGQ,Longjia Airport,China,Changchun
CHF,Jinhae Airbase/Airport (G-813/K-10),South Korea,Jinhae
CHG,Chaoyang Airport,China,Chaoyang
CHN,Jeon Ju Airport (G-703),South Korea,Jeon Ju
CIE,Collie Airport,Australia,Collie
CIF,Chifeng Airport,China,Chifeng
CIH,Changzhi Airport,China,Changzhi
CJF,Coondewanna Airport,Australia,Coondewanna
CJJ,Cheongju International Airport/Cheongju Air Base (K-59/G-513),South Korea,Cheongju
CJM,Chumphon Airport,Thailand,Chumphon
CJU,Jeju International Airport,South Korea,Jeju City
CKG,Chongqing Jiangbei International Airport,China,Chongqing
CKW,Graeme Rowley Aerodrome,Australia,Christmas Creek Mine
CLH,Coolah Airport,Australia,Coonabarabran
CMD,Cootamundra Airport,Australia,Cootamundra
CMJ,Chi Mei Airport,Taiwan,Chi Mei
CNB,Coonamble Airport,Australia,Coonamble
CNI,Changhai Airport,China,Changhai
CNJ,Cloncurry Airport,Australia,Cloncurry
CNS,Cairns International Airport,Australia,Cairns
CNX,Chiang Mai International Airport,Thailand,Chiang Mai
COB,Coolibah Airport,Australia,Coolibah
COJ,Coonabarabran Airport,Australia,Coonabarabran
COY,Coolawanyah Airport,Australia,Coolawanyah Station
CQP,Cape Flattery Airport,Australia,Cooktown
CRB,Collarenebri Airport,Australia,Lightning Ridge
CRH,Cherrabah Airport,Australia,Cherrabah Homestead Resort
CRJ,Coorabie Airport,Australia,Coorabie
CRY,Carlton Hill Airport,Australia,Carlton Hill
CSD,Cresswell Downs Airport,Australia,Cresswell Downs
CSI,Casino Airport,Australia,Casino
CSO,Cochstedt Airport,Germany,Magdeburg
CSX,Changsha Huanghua International Airport,China,Changsha
CTL,Charleville Airport,Australia,Charleville
CTN,Cooktown Airport,Australia,Cooktown
CTS,New Chitose Airport,Japan,Chitose / Tomakomai
CTU,Chengdu Shuangliu International Airport,China,Chengdu
CUD,Caloundra Airport,Australia,Caloundra
CUG,Cudal Airport,Australia,Molong
CUQ,Coen Airport,Australia,Coen
CVQ,Carnarvon Airport,Australia,Carnarvon
CWJ,Cangyuan Washan Airport,China,Cangyuan Va Autonomous County
CWT,Cowra Airport,Australia,Cowra
CXQ,Christmas Creek Station Airport,Australia,Christmas Creek
CXR,Cam Ranh Airport,Vietnam,Nha Trang
CXT,Charters Towers Airport,Australia,Charters Towers
CYG,Corryong Airport,Australia,Jindabyne
CYI,Chiayi Airport,Taiwan,Chiayi City
CZX,Changzhou Benniu Airport,China,Changzhou
DAD,Da Nang International Airport,Vietnam,Da Nang
DAT,Datong Airport,China,Datong
DAX,Dachuan Airport,China,Dazhou
DBC,Baicheng Chang'an Airport,China,Baicheng
DBO,Dubbo City Regional Airport,Australia,Dubbo
DBY,Dalby Airport,Australia,Dalby
DCN,RAAF Base Curtin,Australia,Derby
DCY,Daocheng Yading Airport,China,Daocheng County
DDG,Dandong Airport,China,Dandong
DFP,Drumduff Airport,Australia,Drumduff
DGD,Dalgaranga Gold Mine Airport,Australia,Melville
DGE,Mudgee Airport,Australia,Mudgee
DIG,Diqing Airport,China,Shangri-La
DIN,Dien Bien Phu Airport,Vietnam,Dien Bien Phu
DKI,Dunk Island Airport,Australia,Dunk Island
DLC,Zhoushuizi Airport,China,Dalian
DLI,Lien Khuong Airport,Vietnam,Da Lat
DLK,Dulkaninna Airport,Australia,Dulkaninna
DLU,Dali Airport,China,Xiaguan
DLV,Delissaville Airport,Australia,Darwin
DMK,Don Mueang International Airport,Thailand,Bangkok
DNA,Kadena Air Base,Japan,Okinawa
DNH,Dunhuang Airport,China,Dunhuang
DNQ,Deniliquin Airport,Australia,Deniliquin
DOX,Dongara Airport,Australia,Geraldton
DOY,Dongying Shengli Airport,China,Dongying
DPO,Devonport Airport,Australia,Devonport
DQA,Saertu Airport,China,Daqing Shi
DRB,Derby Airport,Australia,Derby
DRD,Dorunda Airport,Australia,Dorunda Outstation
DRS,Dresden Airport,Germany,Dresden
DRW,Darwin International Airport,Australia,Darwin
DSN,Ordos Ejin Horo Airport,China,Ordos
DSX,Dongsha Island Airport,Taiwan,Pratas Island
DTM,Dortmund Airport,Germany,Dortmund
DTU,Wudalianchi Dedu Airport,China,Wudalianchi
DUS,Düsseldorf Airport,Germany,Düsseldorf
DXD,Dixie Airport,Australia,New Dixie
DYG,Dayong Airport,China,Dayong
DYM,Diamantina Lakes Airport,Australia,Diamantina Lakes
DYW,Daly Waters Airport,Australia,Daly Waters
DZU,Dazu Air Base,China,Dazu
EDR,Pormpuraaw Airport,Australia,Pormpuraaw
EIB,Eisenach-Kindel Airport,Germany,Eisenach
EIH,Einasleigh Airport,Australia,Einasleigh
EJN,Ejin Banner-Taolai Airport,China,Ejin Banner
ELC,Elcho Island Airport,Australia,Elcho Island
EMD,Emerald Airport,Australia,Emerald
EME,Emden Airport,Germany,Emden
ENB,Eneabba Airport,Australia,Eneabba
ENH,Enshi Airport,China,Enshi
ENY,Yan'an Ershilipu Airport,China,Yan'an
EPR,Esperance Airport,Australia,Esperance
ERF,Erfurt Airport,Germany,Erfurt
ERL,Erenhot Saiwusu International Airport,China,Erenhot
ERQ,Elrose Airport,Australia,Elrose Mine
ESS,Essen Mulheim Airport,Germany,Mülheim an der Ruhr
ETD,Etadunna Airport,Australia,Etadunna
EUM,Neumünster Airport,Germany,Neumünster
EVD,Eva Downs Airport,Australia,Eva Downs
EVH,Evans Head Aerodrome,Australia,Evans Head
FCN,Nordholz Naval Airbase,Germany,Cuxhaven
FDH,Friedrichshafen Airport,Germany,Friedrichshafen
FEL,Fürstenfeldbruck Air Base,Germany,Fürstenfeldbruck
FIK,Finke Airport,Australia,Finke
FKB,Karlsruhe Baden-Baden Airport,Germany,Baden-Baden
FKJ,Fukui Airport,Japan,Maruoka
FKS,Fukushima Airport,Japan,Sukagawa
FLF,Flensburg-Schäferhaus Airport,Germany,Flensburg
FLS,Flinders Island Airport,Australia,Flinders Island
FLY,Finley Airport,Australia,Finley
FMM,Memmingen Allgau Airport,Germany,Memmingen
FMO,Münster Osnabrück Airport,Germany,Münster
FNB,Neubrandenburg Airport,Germany,Neubrandenburg
FOC,Fuzhou Changle International Airport,China,Fuzhou
FOT,Forster (Wallis Is) Airport,Australia,Forster
FRA,Frankfurt am Main Airport,Germany,Frankfurt am Main
FRB,Forbes Airport,Australia,Forbes
FRZ,Fritzlar Airport,Germany,Fritzlar
FSL,Fossil Downs Airport,Australia,Fossil Downs Station
FSZ,Mt. Fuji Shizuoka Airport,Japan,Makinohara / Shimada
FUG,Fuyang Xiguan Airport,China,Fuyang
FUJ,Fukue Airport,Japan,Goto
FUK,Fukuoka Airport,Japan,Fukuoka
FUO,Foshan Shadi Airport,China,Foshan
FVR,Oombulgurri Airport,Australia,Forrest River Mission
FYJ,Dongji Aiport,China,Fuyuan
FYN,Fuyun Koktokay Airport,China,Fuyun
GAJ,Yamagata Airport,Japan,Yamagata
GBW,Ginbata Airport,Australia,Ginbata
GDD,Gordon Downs Airport,Australia,Gordon Downs
GEE,Georgetown (Tas) Airport,Australia,George Town
GET,Geraldton Airport,Australia,Geraldton
GEX,Geelong Airport,Australia,Geelong
GFE,Grenfell Airport,Australia,Grenfell
GFF,Griffith Airport,Australia,Griffith
GFN,Grafton Airport,Australia,Grafton
GHF,Giebelstadt Airport,Germany,Giebelstadt
GHN,Guanghan Airport,China,Civil Aviation Flight University of China
GKE,Geilenkirchen Air Base,Germany,Gangelt
GKL,Great Keppel Is Airport,Australia,Great Keppel Island
GLI,Glen Innes Airport,Australia,Glen Innes
GLT,Gladstone Airport,Australia,Gladstone
GMP,Gimpo International Airport,South Korea,Seoul
GMQ,Golog Maqin Airport,China,Golog
GNI,Lyudao Airport,Taiwan,Lyudao
GOO,Goondiwindi Airport,Australia,Goondiwindi
GOQ,Golmud Airport,China,Golmud
GOV,Gove Airport,Australia,Nhulunbuy
GPD,Mount Gordon Airport,Australia,Mount Gordon Mine
GSC,Gascoyne Junction Airport,Australia,Gascoyne Junction
GSN,Mount Gunson Airport,Australia,Mount Gunson
GTE,Groote Eylandt Airport,Australia,Groote Eylandt
GTI,Rügen Airport,Germany,Rügen
GUH,Gunnedah Airport,Australia,Gunnedah
GUL,Goulburn Airport,Australia,Goulburn
GWT,Westerland Sylt Airport,Germany,Westerland
GXH,Gannan Xiahe Airport,China,Xiahe
GYP,Gympie Airport,Australia,Gympie
GYS,Guangyuan Airport,China,Guangyuan
GYU,Guyuan Liupanshan Airport,China,Guyuan
HAC,Hachijojima Airport,Japan,Hachijojima
HAJ,Hannover Airport,Germany,Hannover
HAK,Haikou Meilan International Airport,China,Haikou
HAM,Hamburg Airport,Germany,Hamburg
HBA,Hobart International Airport,Australia,Hobart
HCJ,Hechi Jinchengjiang Airport,China,Hechi
HCN,Hengchun Airport,Taiwan,Hengchung
HDF,Heringsdorf Airport,Germany,Heringsdorf
HDG,Handan Airport,China,Handan
HDY,Hat Yai International Airport,Thailand,Hat Yai
HEI,Heide-Büsum Airport,Germany,Büsum
HEK,Heihe Airport,China,Heihe
HET,Baita International Airport,China,Hohhot
HFE,Hefei Luogang International Airport,China,Hefei
HGH,Hangzhou Xiaoshan International Airport,China,Hangzhou
HGL,Helgoland-Düne Airport,Germany,Helgoland
HGN,Mae Hong Son Airport,Thailand,Mae Hong Son
HHE,Hachinohe Airport,Japan,Hachinohe
HHN,Frankfurt-Hahn Airport,Germany,Frankfurt am Main
HHQ,Hua Hin Airport,Thailand,Hua Hin
HIA,Lianshui Airport,China,Huai'an
HID,Horn Island Airport,Australia,Horn Island
HIJ,Hiroshima Airport,Japan,Hiroshima
HIN,Sacheon Air Base/Airport,South Korea,Sacheon
HIW,Hiroshimanishi Airport,Japan,Hiroshima
HJJ,Zhijiang Airport,China,Huaihua
HKD,Hakodate Airport,Japan,Hakodate
HKT,Phuket International Airport,Thailand,Phuket
HLD,Dongshan Airport,China,Hailar
HLH,Ulanhot Airport,China,Ulanhot
HLL,Hillside Airport,Australia,Hillside
HLS,St Helens Airport,Australia,St Helens
HLT,Hamilton Airport,Australia,Hamilton
HLV,Helenvale Airport,Australia,Helenvale
HMI,Hami Airport,China,Hami
HMY,Seosan Air Base,South Korea,Seosan
HNA,Hanamaki Airport,Japan,Hanamaki
HND,Tokyo Haneda International Airport,Japan,Tokyo
HNY,Hengyang Nanyue Airport,China,Hengyang
HOK,Hooker Creek Airport,Australia,Lajamanu
HOO,Nhon Co Airfield,Vietnam,Quang Duc
HOQ,Hof-Plauen Airport,Germany,Hof
HPE,Hope Vale Airport,Australia,Hope Vale
HPG,Shennongjia Hongping Airport,China,Shennongjia
HPH,Cat Bi International Airport,Vietnam,Haiphong
HRB,Taiping Airport,China,Harbin
HSC,Shaoguan Guitou Airport,China,Shaoguan
HSG,Saga Airport,Japan,Saga
HSJ,Shangjie Airport,China,Zhengzhou
HSM,Horsham Airport,Australia,Horsham
HSN,Zhoushan Airport,China,Zhoushan
HSZ,Hsinchu Air Base,Taiwan,Hsinchu City
HTI,Hamilton Island Airport,Australia,Hamilton Island
HTN,Hotan Airport,China,Hotan
HTR,Hateruma Airport,Japan,Hateruma
HTT,Huatugou Airport,China,Mengnai
HUI,Phu Bai Airport,Vietnam,Hue
HUN,Hualien Airport,Taiwan,Hualien City
HUO,Holingol Huolinhe Airport,China,Holingol
HUZ,Huizhou Airport,China,Huizhou
HVB,Hervey Bay Airport,Australia,Hervey Bay
HWK,Wilpena Pound Airport,Australia,Hawker
HXD,Delingha Airport,China,Delingha
HXX,Hay Airport,Australia,Hay
HYN,Huangyan Luqiao Airport,China,Huangyan
HZG,Hanzhong Chenggu Airport,China,Hanzhong
HZH,Liping Airport,China,Liping
IBR,Hyakuri Airport,Japan,Omitama
ICN,Incheon International Airport,South Korea,Seoul
IEJ,Ie Jima Airport,Japan,Ie
IES,Riesa-Göhlis Airport,Germany,Riesa
IFL,Innisfail Airport,Australia,Innisfail
IGH,Ingham Airport,Australia,Ingham
IGS,Ingolstadt Manching Airport,Germany,Manching
IKI,Iki Airport,Japan,Iki
INC,Yinchuan Airport,China,Yinchuan
INJ,Injune Airport,Australia,Injune
IQM,Qiemo Yudu Airport,China,Qiemo
IQN,Qingyang Airport,China,Qingyang
IRG,Lockhart River Airport,Australia,Lockhart River
ISA,Mount Isa Airport,Australia,Mount Isa
ISG,New Ishigaki Airport,Japan,Ishigaki
ITM,Osaka International Airport,Japan,Osaka
IVR,Inverell Airport,Australia,Inverell
IVW,Inverway Airport,Australia,Inverway
IWJ,Iwami Airport,Japan,Masuda
IWK,Iwakuni Marine Corps Air Station,Japan,Iwakuni
IZO,Izumo Airport,Japan,Izumo
JAD,Perth Jandakot Airport,Australia,Perth
JDG,Jeongseok Airport,South Korea,Jeju Island
JDZ,Jingdezhen Airport,China,Jingdezhen
JGD,Jiagedaqi Airport,China,Jiagedaqi
JGN,Jiayuguan Airport,China,Jiayuguan
JGS,Jinggangshan Airport,China,Ji'an
JHG,Xishuangbanna Gasa Airport,China,Jinghong
JHQ,Shute Harbour Airport,Australia,Proserpine
JIC,Jinchuan Airport,China,Jinchang
JIL,Jilin Airport,China,Jilin
JIQ,Qianjiang Wulingshan Airport,China,Qianjiang
JIU,Jiujiang Lushan Airport,China,Jiujiang
JJN,Quanzhou Jinjiang International Airport,China,Quanzhou
JMJ,Lancang Jingmai Airport,China,Lancang Lahu Autonomous County
JMU,Jiamusi Airport,China,Jiamusi
JNG,Jining Qufu Airport,China,Jining
JNZ,Jinzhou Airport,China,Jinzhou
JSJ,Jiansanjiang Airport,China,Jiansanjiang
JUH,Jiuhuashan Airport,China,Chizhou
JUI,Juist Airport,Germany,Juist
JUZ,Quzhou Airport,China,Quzhou
JXA,Jixi Xingkaihu Airport,China,Jixi
JZH,Jiuzhai Huanglong Airport,China,Jiuzhaigou
KAG,Gangneung Airport (K-18),South Korea,Gangneung
KAX,Kalbarri Airport,Australia,Kalbarri
KBB,Kirkimbie Station Airport,Australia,Kirkimbie
KBD,Kimberley Downs Airport,Australia,Kimberley Downs
KBJ,Kings Canyon Airport,Australia,Kings Canyon Resort
KBV,Krabi Airport,Thailand,Krabi
KCA,Kuqa Airport,China,Kuqa
KCE,Collinsville Airport,Australia,Red Hill
KCZ,Kōchi Ryōma Airport,Japan,Nankoku
KDB,Kambalda Airport,Australia,Kambalda
KDS,Kamaran Downs Airport,Australia,Kamaran Downs
KDT,Kamphaeng Saen Airport,Thailand,Nakhon Pathom
KEL,Kiel-Holtenau Airport,Germany,Kiel
KFE,Fortescue - Dave Forrest Aerodrome,Australia,Cloudbreak Village
KGI,Kalgoorlie Boulder Airport,Australia,Kalgoorlie
KGR,Kulgera Airport,Australia,Kulgera
KGT,Kangding Airport,China,Kangding
KGY,Kingaroy Airport,Australia,Kingaroy
KHG,Kashgar Airport,China,Kashgar
KHH,Kaohsiung International Airport,Taiwan,Kaohsiung City
KHN,Nanchang Changbei International Airport,China,Nanchang
KIJ,Niigata Airport,Japan,Niigata
KIX,Kansai International Airport,Japan,Osaka
KJH,Kaili Airport,China,Huangping
KJI,Kanas Airport,China,Burqin
KJP,Kerama Airport,Japan,Kerama
KKC,Khon Kaen Airport,Thailand,Khon Kaen
KKJ,Kitakyūshū Airport,Japan,Kitakyūshū
KKM,Sa Pran Nak Airport,Thailand,Lop Buri
KKP,Koolburra Airport,Australia,Koolburra
KKX,Kikai Airport,Japan,Kikai
KMG,Kunming Changshui International Airport,China,Kunming
KMI,Miyazaki Airport,Japan,Miyazaki
KMJ,Kumamoto Airport,Japan,Kumamoto
KMQ,Komatsu Airport,Japan,Kanazawa
KNH,Kinmen Airport,Taiwan,Shang-I
KNI,Katanning Airport,Australia,Katanning
KNX,Kununurra Airport,Australia,Kununurra
KOJ,Kagoshima Airport,Japan,Kagoshima
KON,Kontum Airport,Vietnam,Kontum
KOP,Nakhon Phanom Airport,Thailand,Nakhon Phanom
KOQ,Köthen Airport,Germany,Köthen
KOW,Ganzhou Airport,China,Ganzhou
KPO,Pohang Airport (G-815/K-3),South Korea,Pohang
KPP,Kalpowar Airport,Australia,Kalpower
KPS,Kempsey Airport,Australia,Kempsey
KRA,Kerang Airport,Australia,Swan Hill
KRD,Kurundi Airport,Australia,Kurundi Station
KRL,Korla Airport,China,Korla
KRY,Karamay Airport,China,Karamay
KSF,Kassel-Calden Airport,Germany,Kassel
KTA,Karratha Airport,Australia,Karratha
KTD,Kitadaito Airport,Japan,Kitadaitōjima
KTR,Tindal Airport,Australia,Katherine
KUG,Kubin Airport,Australia,Moa Island
KUH,Kushiro Airport,Japan,Kushiro
KUM,Yakushima Airport,Japan,Yakushima
KUV,Kunsan Air Base,South Korea,Kunsan
KWE,Longdongbao Airport,China,Guiyang
KWJ,Gwangju Airport,South Korea,Gwangju
KWL,Guilin Liangjiang International Airport,China,Guilin City
KWM,Kowanyama Airport,Australia,Kowanyama
KYD,Lanyu Airport,Taiwan,Orchid Island
KYI,Yalata Mission Airport,Australia,Yalata Mission
KZG,Flugplatz Kitzingen,Germany,Kitzingen
LBC,Lübeck Blankensee Airport,Germany,Lübeck
LCX,Longyan Guanzhishan Airport,China,Longyan
LDC,Lindeman Island Airport,Australia,Lindeman Island
LDH,Lord Howe Island Airport,Australia,Lord Howe Island
LDS,Lindu Airport,China,Yichun
LDW,Lansdowne Airport,Australia,Lansdowne Station
LEA,Learmonth Airport,Australia,Exmouth
LEJ,Leipzig/Halle Airport,Germany,Leipzig
LFP,Lakefield Airport,Australia,Lakefield
LFQ,Linfen Qiaoli Airport,China,Linfen
LGE,Mulan Airport,Australia,Lake Gregory
LGO,Langeoog Airport,Germany,Langeoog
LHA,Lahr Airport,Germany,Friesenheim
LHG,Lightning Ridge Airport,Australia,Lightning Ridge
LHK,Guangzhou MR Air Base,China,Guanghua
LHW,Lanzhou Zhongchuan Airport,China,Lanzhou
LIA,Liangping Airport,China,Liangping
LIB,Limbunya Airport,Australia,Limbunya
LJG,Lijiang Airport,China,Lijiang
LKD,Lakeland Airport,Australia,Lakeland Downs
LLB,Libo Airport,China,Libo County
LLF,Lingling Airport,China,Yongzhou
LLL,Lissadell Airport,Australia,Lissadell Station
LLV,Lüliang Airport,China,Lüliang
LNH,Lake Nash Airport,Australia,Alpurrurulam
LNJ,Lintsang Airfield,China,Lincang
LNL,Longnan Chengzhou Airport,China,Longnan
LNO,Leonora Airport,Australia,Leonora
LOC,Lock Airport,Australia,Lock
LOE,Loei Airport,Thailand,Loei
LPF,Liupanshui Yuezhao Airport,China,Liupanshui
LPT,Lampang Airport,Thailand,Lampang
LRE,Longreach Airport,Australia,Longreach
LST,Launceston Airport,Australia,Launceston
LSY,Lismore Airport,Australia,Lismore
LTP,Lyndhurst Airport,Australia,Lyndhurst
LTV,Lotus Vale Airport,Australia,Lotus Vale
LUM,Mangshi Airport,China,Luxi
LXA,Lhasa Gonggar Airport,China,Lhasa
LYA,Luoyang Airport,China,Luoyang
LYG,Lianyungang Airport,China,Lianyungang
LYI,Shubuling Airport,China,Linyi
LYT,Lady Elliot Island Airstrip,Australia,Lady Elliot Island
LZH,Liuzhou Bailian Airport,China,Liuzhou
LZN,Matsu Nangan Airport,Taiwan,Nangang Island
LZO,Luzhou Airport,China,Luzhou
LZY,Nyingchi Airport,China,Nyingchi
MAQ,Mae Sot Airport,Thailand,Mae Sot
MBE,Monbetsu Airport,Japan,Monbetsu
MBH,Maryborough Airport,Australia,Maryborough
MBW,Melbourne Moorabbin Airport,Australia,Melbourne
MCV,McArthur River Mine Airport,Australia,McArthur River Mine
MCY,Sunshine Coast Airport,Australia,Maroochydore
MDG,Mudanjiang Hailang International Airport,China,Mudanjiang
MEB,Melbourne Essendon Airport,Australia,Fawkner
MEL,Melbourne International Airport,Australia,Melbourne
MET,Moreton Airport,Australia,Moreton
MFK,Matsu Beigan Airport,Taiwan,Beigan Island
MFL,Mount Full Stop Airport,Australia,Wando Vale
MGB,Mount Gambier Airport,Australia,Mount Gambier
MGL,Mönchengladbach Airport,Germany,Mönchengladbach
MGT,Milingimbi Airport,Australia,Milingimbi Island
MHG,Mannheim-City Airport,Germany,Mannheim
MHU,Mount Hotham Airport,Australia,Mount Hotham
MIG,Mianyang Airport,China,Mianyang
MIH,Mitchell Plateau Airport,Australia,Mitchell Plateau
MIM,Merimbula Airport,Australia,Merimbula
MIZ,Mainoru Airstrip,Australia,Mainoru
MJK,Shark Bay Airport,Australia,Denham
MJP,Manjimup Airport,Australia,Manjimup
MKY,Mackay Airport,Australia,Mackay
MLR,Millicent Airport,Australia,Millicent
MLV,Merluna Airport,Australia,Merluna
MMB,Memanbetsu Airport,Japan,Ōzora
MMD,Minami-Daito Airport,Japan,Minamidaitō
MMJ,Matsumoto Airport,Japan,Matsumoto
MMY,Miyako Airport,Japan,Miyako City
MNE,Mungeranie Airport,Australia,Mungeranie
MNG,Maningrida Airport,Australia,Maningrida
MOV,Moranbah Airport,Australia,Moranbah
MQA,Mandora Airport,Australia,Mandora
MQE,Marqua Airport,Australia,Marqua
MQL,Mildura Airport,Australia,Mildura
MQZ,Margaret River Airport,Australia,Margaret River
MRG,Mareeba Airport,Australia,Mareeba
MRZ,Moree Airport,Australia,Moree
MSJ,Misawa Air Base,Japan,Misawa
MTL,Maitland Airport,Australia,Maitland
MUC,Munich Airport,Germany,Munich
MUQ,Muccan Station Airport,Australia,Muccan Station
MVK,Mulka Airport,Australia,Mulka
MVU,Musgrave Airport,Australia,Musgrave
MWT,Moolawatana Airport,Australia,Moolawatana Station
MWX,Muan International Airport,South Korea,Piseo-ri (Muan)
MWY,Miranda Downs Airport,Australia,Miranda Downs
MXZ,Meixian Airport,China,Meixian
MYA,Moruya Airport,Australia,Moruya
MYE,Miyakejima Airport,Japan,Miyakejima
MYI,Murray Island Airport,Australia,Murray Island
MYJ,Matsuyama Airport,Japan,Matsuyama
MYO,Camballin Airport,Australia,Myroodah
MZG,Makung Airport,Taiwan,Makung City
NAA,Narrabri Airport,Australia,Narrabri
NAC,Naracoorte Airport,Australia,Naracoorte
NAK,Nakhon Ratchasima Airport,Thailand,Nakhon Ratchasima
NAO,Nanchong Airport,China,Nanchong
NAW,Narathiwat Airport,Thailand,Narathiwat
NAY,Beijing Nanyuan Airport,China,Beijing
NBH,Nambucca Heads Airport,Australia,Nambucca Heads
NBS,Changbaishan Airport,China,Baishan
NDG,Qiqihar Sanjiazi Airport,China,Qiqihar
NDS,Sandstone Airport,Australia,Sandstone
NGA,Young Airport,Australia,Young
NGB,Ningbo Lishe International Airport,China,Ningbo
NGO,Chubu Centrair International Airport,Japan,Tokoname
NGQ,Ngari Gunsa Airport,China,Shiquanhe
NGS,Nagasaki Airport,Japan,Nagasaki
NJA,Atsugi Naval Air Facility,Japan,Minami-rinkan
NKG,Nanjing Lukou Airport,China,Nanjing
NKM,Nagoya Airport,Japan,Nagoya
NLF,Darnley Island Airport,Australia,Darnley Island
NLH,Ninglang Luguhu Airport,China,Ninglang
NLT,Xinyuan Nalati Airport,China,Xinyuan County
NMP,New Moon Airport,Australia,Basalt
NNG,Nanning Wuxu Airport,China,Nanning
NNT,Nan Airport,Thailand,Nan
NNY,Nanyang Jiangying Airport,China,Nanyang
NOA,Nowra Airport,Australia,Nowra
NOD,Norden-Norddeich Airport,Germany,Norddeich
NPP,Napperby Airport,Australia,Napperby
NRA,Narrandera Airport,Australia,Narrandera
NRD,Norderney Airport,Germany,Norderney
NRG,Narrogin Airport,Australia,Narrogin
NRN,Weeze Airport,Germany,Weeze
NRT,Narita International Airport,Japan,Tokyo
NRY,Newry Airport,Australia,Newry
NSO,Scone Airport,Australia,Muswellbrook
NST,Nakhon Si Thammarat Airport,Thailand,Nakhon Si Thammarat
NSV,Noosa Airport,Australia,Noosa Heads
NTG,Nantong Airport,China,Nantong
NTL,Newcastle Airport,Australia,Williamtown
NTN,Normanton Airport,Australia,Normanton
NTQ,Noto Airport,Japan,Wajima
NUE,Nuremberg Airport,Germany,Nuremberg
NYN,Nyngan Airport,Australia,Nyngan
NZH,Manzhouli Xijiao Airport,China,Manzhouli
NZL,Chengjisihan Airport,China,Zhalantun
OAG,Orange Airport,Australia,Orange
OBF,Oberpfaffenhofen Airport,Germany,Gilching
OBO,Tokachi-Obihiro Airport,Japan,Obihiro
OCM,Boolgeeda,Australia,Tom Price
ODL,Cordillo Downs Airport,Australia,Cordillo Downs
ODR,Ord River Airport,Australia,Ord River
OHE,Gu-Lian Airport,China,Mohe
OHR,Wyk auf Föhr Airport,Germany,Wyk auf Föhr
OIM,Oshima Airport,Japan,Izu Oshima
OIR,Okushiri Airport,Japan,Okushiri Island
OIT,Oita Airport,Japan,Oita
OKA,Naha Airport,Japan,Naha
OKB,Orchid Beach Airport,Australia,Orchid Beach
OKD,Okadama Airport,Japan,Sapporo
OKE,Okierabu Airport,Japan,Okinoerabujima
OKI,Oki Airport,Japan,Okinoshima
OKJ,Okayama Airport,Japan,Okayama City
OKO,Yokota Air Base,Japan,Fussa
OKR,Yorke Island Airport,Australia,Yorke Island
OKY,Oakey Airport,Australia,Oakey
OLP,Olympic Dam Airport,Australia,Olympic Dam
ONJ,Odate Noshiro Airport,Japan,Odate
OOL,Gold Coast Airport,Australia,Gold Coast
OOM,Cooma Snowy Mountains Airport,Australia,Cooma
OSN,Osan Air Base,South Korea,Osan
OXO,Orientos Airport,Australia,Orientos
PAD,Paderborn Lippstadt Airport,Germany,Paderborn
PAN,Pattani Airport,Thailand,Nong Chik
PBO,Paraburdoo Airport,Australia,Paraburdoo
PDN,Parndana Airport,Australia,Kangaroo Island
PEA,Penneshaw Airport,Australia,Ironstone
PEF,Peenemünde Airport,Germany,Peenemünde
PEK,Beijing Capital International Airport,China,Beijing
PEP,Peppimenarti Airport,Australia,Peppimenarti
PER,Perth International Airport,Australia,Perth
PEY,Penong Airport,Australia,Penong
PHA,Phan Rang Airport,Vietnam,Phan Rang
PHE,Port Hedland International Airport,Australia,Port Hedland
PHH,Phan Thiet Airport,Vietnam,Phan Thiet
PHQ,The Monument Airport,Australia,Phosphate Hill
PHS,Phitsanulok Airport,Thailand,Phitsanulok
PHY,Phetchabun Airport,Thailand,Lom Sak
PIF,Pingtung North Airport,Taiwan,Pingtung
PKE,Parkes Airport,Australia,Parkes
PLO,Port Lincoln Airport,Australia,Port Lincoln
PMK,Palm Island Airport,Australia,Ingham
PMM,Phanom Sarakham Airport,Thailand,Phanom Sarakham
PPI,Port Pirie Airport,Australia,Port Pirie
PPP,Proserpine Whitsunday Coast Airport,Australia,Proserpine
PQC,Phu Quoc International Airport,Vietnam,Phu Quoc Island
PQQ,Port Macquarie Airport,Australia,Port Macquarie
PRD,Pardoo Airport,Australia,Pardoo
PRH,Phrae Airport,Thailand,Phrae
PSH,St. Peter-Ording Airport,Germany,Sankt Peter-Ording
PTJ,Portland Airport,Australia,Portland
PUG,Port Augusta Airport,Australia,Port Augusta West
PUS,Gimhae International Airport,South Korea,Busan
PVG,Shanghai Pudong International Airport,China,Shanghai
PXH,Prominent Hill Airport,Australia,OZ Minerals Prominent Hill Mine
PXR,Surin Airport,Thailand,Surin
PXU,Pleiku Airport,Vietnam,Pleiku
PYX,Pattaya Airpark,Thailand,Pattaya
PYY,Mae Hong Son Airport,Thailand,Mae Hong Son
PZI,Bao'anying Airport,China,Panzhihua
QDY,Taean Airport,South Korea,Taean
QEF,Frankfurt-Egelsbach Airport,Germany,Frankfurt am Main
QGU,Gifu Airport,Japan,Gifu
QHU,Husum-Schwesing Airport,Germany,Husum
QJD,Jindabyne Airport,Australia,Jindabyne
QJP,Pocheon G 217 Airport,South Korea,Pocheon
QPG,Paya Lebar Air Base,Singapore,Singapore
QRM,Narromine Airport,Australia,Narromine
QRR,Warren Airport,Australia,Nyngan
QSZ,Yeerqiang Airport,China,Shache
QXH,Schönhagen Airport,Germany,Schönhagen
RBJ,Rebun Airport,Japan,Rebun
RBM,Straubing Airport,Germany,Straubing
RBS,Orbost Airport,Australia,Lakes Entrance
RBU,Roebourne Airport,Australia,Roebourne
RDA,Rockhampton Downs Airport,Australia,Rockhampton Downs
REB,Rechlin-Lärz Airport,Germany,Lärz
RHT,Alxa Right Banner Badanjilin Airport,China,Badanjilin
RIS,Rishiri Airport,Japan,Rishiri
RIZ,Rizhao Shanzihe Airport,China,Rizhao
RKY,Rokeby Airport,Australia,Rokeby
RKZ,Shigatse Air Base,China,Xigazê
RLG,Rostock-Laage Airport,Germany,Rostock
RLK,Bayannur Tianjitai Airport,China,Bavannur
RLP,Rosella Plains Airport,Australia,Rosella Plains
RMA,Roma Airport,Australia,Roma
RMK,Renmark Airport,Australia,Berri
RMQ,Taichung Ching Chuang Kang Airport,Taiwan,Taichung City
RMS,Ramstein Air Base,Germany,Ramstein
RNJ,Yoron Airport,Japan,Yoronjima
ROI,Roi Et Airport,Thailand,Roi Et
ROK,Rockhampton Airport,Australia,Rockhampton
RPB,Roper Bar Airport,Australia,Roper Bar
RPV,Roper Valley Airport,Australia,Roper Valley
RSU,Yeosu Airport,South Korea,Yeosu
RTS,Rottnest Island Airport,Australia,Mosman Park
RUG,Rugao Air Base,China,Rugao
SBR,Saibai Island Airport,Australia,Saibai Island
SCN,Saarbrücken Airport,Germany,Saarbrücken
SDJ,Sendai Airport,Japan,Sendai
SDS,Sado Airport,Japan,Sado
SGE,Siegerland Airport,Germany,Burbach
SGP,Shay Gap Airport,Australia,Shay Gap
SGZ,Songkhla Airport,Thailand,Songkhla
SHA,Shanghai Hongqiao International Airport,China,Shanghai
SHB,Nakashibetsu Airport,Japan,Nakashibetsu
SHE,Taoxian Airport,China,Shenyang
SHF,Huayuan Airport,China,Shihezi
SHI,Shimojishima Airport,Japan,Shimojishima
SHM,Nanki Shirahama Airport,Japan,Shirahama
SHQ,Southport Airport,Australia,Gold Coast
SHS,Shashi Airport,China,Shashi
SHT,Shepparton Airport,Australia,Shepparton
SIA,Xi'an Xiguan Airport,China,Xi'an
SIN,Singapore Changi Airport,Singapore,Singapore
SIO,Smithton Airport,Australia,Smithton
SIX,Singleton Airport,Australia,Singleton
SJW,Shijiazhuang Daguocun International Airport,China,Shijiazhuang
SLJ,Solomon Airport,Australia,Karijini National Park
SNH,Stanthorpe Airport,Australia,Stanthorpe
SNO,Sakon Nakhon Airport,Thailand,Sakon Nakhon
SOA,Sóc Trăng Airport,Vietnam,Sóc Trăng
SPM,Spangdahlem Air Base,Germany,Trier
SQD,Shangrao Sanqingshan Airport,China,Shangrao
SQH,Na-San Airport,Vietnam,Son-La
SQJ,Shaxian Airport,China,Sanming
SRM,Sandringham Airport,Australia,Sandringham Station
SRN,Strahan Airport,Australia,Queenstown
SRR,Dunwich Airport,Australia,Stradbroke Island
SSK,Sturt Creek Airport,Australia,Sturt Creek
SSN,Seoul Air Base (K-16),South Korea,Simgok-dong
SSP,Silver Plains Airport,Australia,Silver Plains
STR,Stuttgart Airport,Germany,Stuttgart
SWA,Jieyang Chaoshan International Airport,China,Shantou
SWB,Shaw River Airport,Australia,Shaw River
SWC,Stawell Airport,Australia,Stawell
SWH,Swan Hill Airport,Australia,Swan Hill
SWU,Suwon Airport,South Korea,Suwon
SXE,West Sale Airport,Australia,Sale
SXJ,Shanshan Airport,China,Shanshan
SYD,Sydney Kingsford Smith International Airport,Australia,Sydney
SYM,Pu'er Simao Airport,China,Pu'er
SYO,Shonai Airport,Japan,Shonai
SYU,Warraber Island Airport,Australia,Sue Islet
SYX,Sanya Phoenix International Airport,China,Sanya
SZV,Suzhou Guangfu Airport,China,Suzhou
SZW,Schwerin Parchim Airport,Germany,Parchim
SZX,Shenzhen Bao'an International Airport,China,Shenzhen
TAE,Daegu Airport,South Korea,Daegu
TAK,Takamatsu Airport,Japan,Takamatsu
TAN,Tangalooma Airport,Australia,Mango Hill
TAO,Liuting Airport,China,Qingdao
TAQ,Tarcoola Airport,Australia,Tarcoola
TBB,Dong Tac Airport,Vietnam,Tuy Hoa
TCA,Tennant Creek Airport,Australia,Tennant Creek
TCG,Tacheng Airport,China,Tacheng
TCW,Tocumwal Airport,Australia,Finley
TCZ,Tengchong Tuofeng Airport,China,Tengchong
TDN,Theda Station Airport,Australia,Theda Station
TDX,Trat Airport,Thailand,Trat
TEM,Temora Airport,Australia,Junee
TEN,Tongren Fenghuang Airport,China,Tongren
TGA,Tengah Air Base,Singapore,Singapore
TGN,Latrobe Valley Airport,Australia,Morwell
TGO,Tongliao Airport,China,Tongliao
THD,Tho Xuan Airport,Vietnam,Thanh Hóa
THG,Thangool Airport,Australia,Biloela
THQ,Tianshui Maijishan Airport,China,Tianshui
THS,Sukhothai Airport,Thailand,Sawankhalok
TJH,Tajima Airport,Japan,Tajima
TKH,Takhli Airport,Thailand,Chai Nat
TKN,Tokunoshima Airport,Japan,Tokunoshima
TKS,Tokushima Airport/JMSDF Air Base,Japan,Tokushima
TKT,Tak Airport,Thailand,Tak
TKY,Turkey Creek Airport,Australia,Turkey Creek
TLQ,Turpan Jiaohe Airport,China,Turpan
TMW,Tamworth Airport,Australia,Tamworth
TNA,Yaoqiang Airport,China,Jinan
TNE,New Tanegashima Airport,Japan,Tanegashima
TNH,Tonghua Sanyuanpu Airport,China,Tonghua
TNN,Tainan Airport,Taiwan,Tainan City
TOY,Toyama Airport,Japan,Toyama
TPE,Taiwan Taoyuan International Airport,Taiwan,Taipei
TPR,Tom Price Airport,Australia,Tom Price
TQP,Trepell Airport,Australia,Trepell
TRA,Tarama Airport,Japan,Tarama
TRO,Taree Airport,Australia,Taree
TSA,Taipei Songshan Airport,Taiwan,Taipei City
TSJ,Tsushima Airport,Japan,Tsushima
TSN,Tianjin Binhai International Airport,China,Tianjin
TST,Trang Airport,Thailand,Trang
TSV,Townsville Airport,Australia,Townsville
TTJ,Tottori Airport,Japan,Tottori
TTT,Taitung Airport,Taiwan,Taitung City
TTX,Truscott-Mungalalu Airport,Australia,Anjo Peninsula
TUM,Tumut Airport,Australia,Tumut
TVS,Tangshan Sannühe Airport,China,Tangshan
TWB,Toowoomba Airport,Australia,Toowoomba
TWP,Torwood Airport,Australia,Torwood
TXG,Taichung Airport,Taiwan,Taichung City
TXL,Berlin-Tegel Airport,Germany,Berlin
TXN,Tunxi International Airport,China,Huangshan
TXR,Tanbar Airport,Australia,Tanbar Station
TYN,Taiyuan Wusu Airport,China,Taiyuan
TYP,Tobermorey Airport,Australia,Tobermorey
UBB,Mabuiag Island Airport,Australia,Mabuiag Island
UBJ,Yamaguchi Ube Airport,Japan,Ube
UBP,Ubon Ratchathani Airport,Thailand,Ubon Ratchathani
UCB,Ulanqab Jining Airport,China,Ulanqab
UEE,Queenstown Airport,Australia,Queenstown
UIH,Phu Cat Airport,Vietnam,Quy Nohn
UIR,Quirindi Airport,Australia,Quirindi
UJN,Uljin Airport,South Korea,"Bongsan-ri, Uljin"
UKB,Kobe Airport,Japan,Kobe
UMR,Woomera Airfield,Australia,Woomera
UNN,Ranong Airport,Thailand,Ranong
URC,Ürümqi Diwopu International Airport,China,Ürümqi
URD,Burg Feuerstein Airport,Germany,Ebermannstadt
URT,Surat Thani Airport,Thailand,Surat Thani
USM,Samui Airport,Thailand,Na Thon (Ko Samui Island)
USN,Ulsan Airport,South Korea,Ulsan
UTD,Nutwood Downs Airport,Australia,Nutwood Downs
UTH,Udon Thani Airport,Thailand,Udon Thani
UTP,U-Tapao International Airport,Thailand,Rayong
UTR,Uttaradit Airport,Thailand,Uttaradit
UYN,Yulin Yuyang Airport,China,Yulin
VAC,Varrelbusch Airport,Germany,Cloppenburg
VCA,Can Tho International Airport,Vietnam,Can Tho
VCL,Chu Lai International Airport,Vietnam,Dung Quat Bay
VCS,Co Ong Airport,Vietnam,Con Dao
VDH,Dong Hoi Airport,Vietnam,Dong Hoi
VII,Vinh Airport,Vietnam,Vinh
VKG,Rach Gia Airport,Vietnam,Rach Gia
VTG,Vung Tau Airport,Vietnam,Vung Tau
WAN,Waverney Airport,Australia,Waverney
WAZ,Warwick Airport,Australia,Warwick
WBG,Schleswig Air Base,Germany,Jagel
WDI,Wondai Airport,Australia,Wondai
WDS,Shiyan Wudangshan Airport,China,Shiyan
WEF,Weifang Airport,China,Weifang
WEH,Weihai Airport,China,Weihai
WEI,Weipa Airport,Australia,Weipa
WEW,Wee Waa Airport,Australia,Narrabri
WGA,Wagga Wagga City Airport,Australia,Wagga Wagga
WGE,Walgett Airport,Australia,Lightning Ridge
WGN,Shaoyang Wugang Airport,China,Shaoyang
WHL,Welshpool Airport,Australia,Welshpool
WHU,Wuhu Air Base,China,Wuhu
WIE,Wiesbaden Army Airfield,Germany,Wiesbaden
WJU,Wonju/Hoengseong Air Base (K-38/K-46),South Korea,Wonju
WKB,Warracknabeal Airport,Australia,Horsham
WKJ,Wakkanai Airport,Japan,Wakkanai
WLA,Wallal Airport,Australia,Wallal
WLC,Walcha Airport,Australia,Kootingal
WLE,Miles Airport,Australia,Westcourt
WMB,Warrnambool Airport,Australia,Warrnambool
WMT,Zunyi Maotai Airport,China,Zunyi
WNH,Wenshan Puzhehei Airport,China,Wenshan
WNZ,Wenzhou Longwan International Airport,China,Wenzhou
WOL,Wollongong Airport,Australia,Shellharbour Village
WON,Wondoola Airport,Australia,Wondoola
WOT,Wang-an Airport,Taiwan,Wang-an
WRN,Windarling Airport,Australia,Windarling Mine
WSY,Whitsunday Island Airport,Australia,Proserpine
WTB,Toowoomba Wellcamp Airport,Australia,Toowoomba
WUA,Wuhai Airport,China,Wuhai
WUH,Wuhan Tianhe International Airport,China,Wuhan
WUI,Murrin Murrin Airport,Australia,Murrin Murrin
WUS,Nanping Wuyishan Airport,China,Wuyishan
WUT,Xinzhou Wutaishan Airport,China,Xinzhou
WUX,Sunan Shuofang International Airport,China,Wuxi
WUZ,Wuzhou Changzhoudao Airport,China,Wuzhou
WVN,Wilhelmshaven-Mariensiel Airport,Germany,Wilhelmshaven
WWI,Woodie Woodie Airport,Australia,Woodie Woodie
WWY,West Wyalong Airport,Australia,West Wyalong
WXN,Wanxian Airport,China,Wanxian
WYA,Whyalla Airport,Australia,Whyalla
WYN,Wyndham Airport,Australia,Kununurra
WZQ,Urad Middle Banner,China,Urad Middle Banner
XCO,Colac Airport,Australia,Colac
XEN,Xingcheng Air Base,China,Xingcheng
XFN,Xiangyang Liuji Airport,China,Xiangfan
XFW,Hamburg-Finkenwerder Airport,Germany,Hamburg
XIC,Xichang Qingshan Airport,China,Xichang
XIL,Xilinhot Airport,China,Xilinhot
XIN,Xingning Airport,China,Xingning
XIY,Xi'an Xianyang International Airport,China,Xi'an
XMC,Mallacoota Airport,Australia,Eden
XMN,Xiamen Gaoqi International Airport,China,Xiamen
XMY,Yam Island Airport,Australia,Yam Island
XNN,Xining Caojiabu Airport,China,Xining
XNT,Xingtai Dalian Airport,China,Xingtai
XRH,RAAF Base Richmond,Australia,Richmond
XSP,Seletar Airport,Singapore,Seletar
XTR,Tara Airport,Australia,Chinchilla
XUZ,Xuzhou Guanyin Airport,China,Xuzhou
XVL,Vinh Long Airfield,Vietnam,Vinh Long
YBP,Yibin Caiba Airport,China,Yibin
YCU,Yuncheng Guangong Airport,China,Yuncheng
YEC,Yecheon Airbase,South Korea,Yecheon-ri
YGJ,Miho Yonago Airport,Japan,Yonago
YIC,Yichun Mingyueshan Airport,China,Yichun
YIE,Arxan Yi'ershi Airport,China,Arxan
YIH,Yichang Sanxia Airport,China,Yichang
YIN,Yining Airport,China,Yining
YIW,Yiwu Airport,China,Yiwu
YKH,Yingkou Lanqi Airport,China,Yingkou
YLG,Yalgoo Airport,Australia,Yalgoo
YNJ,Yanji Chaoyangchuan Airport,China,Yanji
YNT,Yantai Laishan Airport,China,Yantai
YNY,Yangyang International Airport,South Korea,Gonghang-ro
YNZ,Yancheng Airport,China,Yancheng
YSQ,Songyuan Chaganhu Airport,China,Qian Gorlos Mongol Autonomous County
YTY,Yangzhou Taizhou Airport,China,Yangzhou and Taizhou
YUA,Yuanmou Air Base,China,Yuanmou
YUS,Yushu Batang Airport,China,Yushu
YYA,Sanhe Airport,China,Yueyang
YZY,Zhangye Ganzhou Airport,China,Zhangye
ZAT,Zhaotong Airport,China,Zhaotong
ZBO,Bowen Airport,Australia,Bowen
ZCN,Celle Airport,Germany,Adelheidsdorf
ZHA,Zhanjiang Airport,China,Zhanjiang
ZHY,Zhongwei Shapotou Airport,China,Zhongwei
ZKL,Zigong Airport,China,Zigong
ZMG,"Magdeburg ""City"" Airport",Germany,Magdeburg
ZNE,Newman Airport,Australia,Newman
ZQL,Donaueschingen-Villingen Airport,Germany,Donaueschingen
ZQW,Zweibrücken Airport,Germany,Zweibrücken
ZQZ,Zhangjiakou Ningyuan Airport,China,Zhangjiakou
ZUH,Zhuhai Jinwan Airport,China,Zhuhai
ZVG,Springvale Airport,Australia,Springvale
ZYI,Zunyi Xinzhou Airport,China,Zunyi
